<?xml version="1.0" encoding="UTF-8"?>
<beans xmlns="http://www.springframework.org/schema/beans"
	xmlns:xsi="http://www.w3.org/2001/XMLSchema-instance"
	xsi:schemaLocation="http://www.springframework.org/schema/beans http://www.springframework.org/schema/beans/spring-beans.xsd">


	<!-- Student 클래스의 bean -->
	<bean id="student" class="com.koreait.springAOP1_xml.Student">
		<property name="name" value="홍길동"/>
		<property name="age" value="13"/>
		<property name="gradeNum" value="6"/>
		<property name="classNum" value="10"/>
	</bean>
	
	<!-- Worker 클래스의 bean -->
	<bean id="worker" class="com.koreait.springAOP1_xml.Worker">
		<constructor-arg value="임꺽정"/>
		<constructor-arg value="35"/>
		<constructor-arg value="산적"/>
	</bean>

</beans>
