<?xml version="1.0" encoding="UTF-8" ?>
<!DOCTYPE mapper PUBLIC "-//mybatis.org//DTD Mapper 3.0//EN" "http://mybatis.org/dtd/mybatis-3-mapper.dtd">
<mapper namespace="com.koreait.vo.MvcboardVO">

	<!-- 메인글을 저장한다. -->
	<insert id="insert" parameterType="vo">
		insert into mvcboard (idx, name, subject, content, ref, lev, seq) 
		values (mvcboard_idx_seq.nextval, #{name}, #{subject}, #{content}, mvcboard_idx_seq.currval, 0, 0)
	</insert>
	
	<!-- 테이블에 저장된 전체 글의 개수를 얻어온다. -->
	<select id="selectCount" resultType="int">
		select count(*) from mvcboard
	</select>
	
	<!-- 1페이지 분량의 글 목록을 얻어온다. -->
	<select id="selectList" parameterType="java.util.HashMap" resultType="vo">
		<![CDATA[
			select * from (
				select rownum rnum, GG.* from (
					select * from mvcboard order by ref desc, seq asc
				) GG where rownum <= #{endNo}
			) where rnum >= #{startNo}
		]]>
	</select>
	
	<!-- 조회수를 증가시킨다. -->
	<update id="increment" parameterType="int">
		update mvcboard set hit = hit + 1 where idx = #{idx}
	</update>
	
	<!-- 글 1건을 얻어온다. -->
	<select id="selectByIdx" parameterType="int" resultType="vo">
		select * from mvcboard where idx = #{idx}
	</select>
	
</mapper>











